Name,State,VmPeak,VmSize,VmLck,VmPin,VmHWM,VmRSS,VmData,VmStk,VmExe,VmLib,VmPTE,VmSwap,HugetlbPages,CoreDumping,ThpEnabled,Threads,SigQ,SigPnd,ShdPnd,SigBlk,SigIgn,SigCgt,CapInh,CapPrm,CapEff,CapBnd,CapAmb,Cpus_allowed_list:
2025-09-03 15:46:00.652691311 +0200 CEST m=+4.016097267,forestimatorWeb,R (running),190488 kB,188664 kB,0 kB,0 kB,10952 kB,10952 kB,8520 kB,132 kB,1484 kB,99032 kB,252 kB,0 kB,0 kB,0,,1,0/63689,0000000000000000,0000000000000000,0000000000000000,0000000000000000,0000000000000000,0000000000000000,0000000000000000,0000000000000000,000001ffffffffff,0000000000000000,,
