Name,State,VmPeak,VmSize,VmLck,VmPin,VmHWM,VmRSS,VmData,VmStk,VmExe,VmLib,VmPTE,VmSwap,HugetlbPages,CoreDumping,ThpEnabled,Threads,SigQ,SigPnd,ShdPnd,SigBlk,SigIgn,SigCgt,CapInh,CapPrm,CapEff,CapBnd,CapAmb,Cpus_allowed_list:
2025-09-03 15:49:24.248385309 +0200 CEST m=+2.017227167,forestimatorWeb,R (running),190488 kB,188676 kB,0 kB,0 kB,13840 kB,13840 kB,7552 kB,132 kB,1484 kB,99032 kB,252 kB,0 kB,0 kB,0,,1,0/63689,0000000000000000,0000000000000000,0000000000000000,0000000000000000,0000000000000000,0000000000000000,0000000000000000,0000000000000000,000001ffffffffff,0000000000000000,,
